,Date,Region,AvgTemp,Humidity,Cases,Cases_per_day
0,1/22/20,Hubei,7,84.875,444,444
1,1/23/20,Hubei,7,86.125,444,0
2,1/24/20,Hubei,7,87.125,549,105
3,1/25/20,Hubei,6,83.75,761,212
4,1/26/20,Hubei,5,84.875,1058,297
5,1/27/20,Hubei,4,75.625,1423,365
6,1/28/20,Hubei,8,63.5,3554,2131
7,1/29/20,Hubei,9,62.75,3554,0
8,1/30/20,Hubei,13,53.625,4903,1349
9,1/31/20,Hubei,11,50.875,5806,903
10,2/1/20,Hubei,12,58.625,7153,1347
11,2/2/20,Hubei,13,60.75,11177,4024
12,2/3/20,Hubei,12,58.5,13522,2345
13,2/4/20,Hubei,14,58.75,16678,3156
14,2/5/20,Hubei,14,58,19665,2987
15,2/6/20,Hubei,7,78.25,22112,2447
16,2/7/20,Hubei,8,76.75,24953,2841
17,2/8/20,Hubei,10,68.125,27100,2147
18,2/9/20,Hubei,14,62.5,29631,2531
19,2/10/20,Hubei,11,67.375,31728,2097
20,2/11/20,Hubei,11,82.875,33366,1638
21,2/12/20,Hubei,16,77,33366,0
22,2/13/20,Hubei,17,81.625,48206,14840
23,2/14/20,Hubei,17,83.75,54406,6200
24,2/15/20,Hubei,2,82,56249,1843
25,2/16/20,Hubei,7,53.25,58182,1933
26,2/17/20,Hubei,11,41.375,59989,1807
27,2/18/20,Hubei,12,43.625,61682,1693
28,2/19/20,Hubei,14,53,62031,349
29,2/20/20,Hubei,15,55.375,62442,411
30,2/21/20,Hubei,15,56,62662,220
31,2/22/20,Hubei,17,61.125,64084,1422
32,2/23/20,Hubei,17,54.375,64084,0
33,2/24/20,Hubei,22,65,64287,203
34,2/25/20,Hubei,20,68.375,64786,499
35,2/26/20,Hubei,17,77.875,65187,401
36,2/27/20,Hubei,11,81.75,65596,409
37,2/28/20,Hubei,9,85.5,65914,318
38,2/29/20,Hubei,14,70.875,66337,423
39,3/1/20,Hubei,15,64.75,66907,570
40,3/2/20,Hubei,10,77.5,67103,196
41,3/3/20,Hubei,9,77.125,67217,114
42,3/4/20,Hubei,13,63.625,67332,115
43,3/5/20,Hubei,14,60.25,67466,134
44,3/6/20,Hubei,13,73.875,67592,126
45,3/7/20,Hubei,17,74.75,67666,74
46,3/8/20,Hubei,18,79.5,67707,41
47,3/9/20,Hubei,13,83.25,67743,36
48,3/10/20,Hubei,16,61.125,67760,17
49,3/11/20,Hubei,17,50.25,67773,13
50,3/12/20,Hubei,17,64.625,67781,8
51,3/13/20,Hubei,16,66.375,67786,5
52,3/14/20,Hubei,18,55.75,67790,4
53,3/15/20,Hubei,20,43.25,67794,4
54,3/16/20,Hubei,18,49,67798,4
55,3/17/20,Hubei,20,55.25,67799,1
56,3/18/20,Hubei,21,58,67800,1
57,3/19/20,Hubei,22,51.125,67800,0
58,3/20/20,Hubei,24,43.75,67800,0
59,3/21/20,Hubei,22,67,67800,0
60,3/22/20,Hubei,21,72.375,67800,0
61,3/23/20,Hubei,22,65,67800,0
62,3/24/20,Hubei,23,64.25,67801,1
63,3/25/20,Hubei,23,76.5,67801,0
64,3/26/20,Hubei,24,74.25,67801,0
65,3/27/20,Hubei,10,76.75,67801,0
66,3/28/20,Hubei,10,74.625,67801,0
67,3/29/20,Hubei,9,82.5,67801,0
68,3/30/20,Hubei,13,70.75,67801,0
69,3/31/20,Hubei,13,70.75,67801,0
70,4/1/20,Hubei,16,68.125,67802,1
71,4/2/20,Hubei,17,66.625,67802,0
72,4/3/20,Hubei,18,55.5,67802,0
73,4/4/20,Hubei,19,54,67803,1
74,4/5/20,Hubei,20,48,67803,0
75,4/6/20,Hubei,20,47.5,67803,0
76,4/7/20,Hubei,21,48.375,67803,0
77,4/8/20,Hubei,22,48.75,67803,0
78,4/9/20,Hubei,26,45.125,67803,0
79,4/10/20,Hubei,17,66.875,67803,0
80,4/11/20,Hubei,13,69.25,67803,0
81,4/12/20,Hubei,19,49.125,67803,0
82,4/13/20,Hubei,21,37.875,67803,0
83,4/14/20,Hubei,21,43.5,67803,0
84,4/15/20,Hubei,24,53.75,67803,0
85,4/16/20,Hubei,27,56.625,67803,0
86,4/17/20,Hubei,24,46.125,68128,325
87,4/18/20,Hubei,14,75.75,68128,0
88,4/19/20,Hubei,20,65.375,68128,0
89,4/20/20,Hubei,16,75.375,68128,0
90,4/21/20,Hubei,16,81.375,68128,0
91,4/22/20,Hubei,21,60,68128,0
92,1/22/20,Spain,7,74.25,0,0
93,1/23/20,Spain,7,73.75,0,0
94,1/24/20,Spain,7,82.75,0,0
95,1/25/20,Spain,8,85.125,0,0
96,1/26/20,Spain,8,78,0,0
97,1/27/20,Spain,7,84.875,0,0
98,1/28/20,Spain,11,89.25,0,0
99,1/29/20,Spain,10,86.375,0,0
100,1/30/20,Spain,10,85.375,0,0
101,1/31/20,Spain,12,86.25,0,0
102,2/1/20,Spain,13,87.125,1,1
103,2/2/20,Spain,12,87,1,0
104,2/3/20,Spain,14,75.625,1,0
105,2/4/20,Spain,15,62.625,1,0
106,2/5/20,Spain,13,51.25,1,0
107,2/6/20,Spain,11,70.625,1,0
108,2/7/20,Spain,11,68.75,1,0
109,2/8/20,Spain,10,80.75,1,0
110,2/9/20,Spain,9,84.875,2,1
111,2/10/20,Spain,13,78.875,2,0
112,2/11/20,Spain,12,78.125,2,0
113,2/12/20,Spain,13,77.125,2,0
114,2/13/20,Spain,12,78.625,2,0
115,2/14/20,Spain,14,69.375,2,0
116,2/15/20,Spain,13,67.875,2,0
117,2/16/20,Spain,14,66.5,2,0
118,2/17/20,Spain,12,74.25,2,0
119,2/18/20,Spain,11,59.875,2,0
120,2/19/20,Spain,13,49.5,2,0
121,2/20/20,Spain,15,41.75,2,0
122,2/21/20,Spain,14,36.625,2,0
123,2/22/20,Spain,18,33.875,2,0
124,2/23/20,Spain,18,34.5,2,0
125,2/24/20,Spain,16,39,2,0
126,2/25/20,Spain,13,44.875,6,4
127,2/26/20,Spain,11,47.75,13,7
128,2/27/20,Spain,13,49.75,15,2
129,2/28/20,Spain,15,47,32,17
130,2/29/20,Spain,9,75,45,13
131,3/1/20,Spain,10,79,84,39
132,3/2/20,Spain,11,63.125,120,36
133,3/3/20,Spain,8,71.125,165,45
134,3/4/20,Spain,14,71.375,222,57
135,3/5/20,Spain,11,69.375,259,37
136,3/6/20,Spain,9,51.375,400,141
137,3/7/20,Spain,10,51.625,500,100
138,3/8/20,Spain,13,55.125,673,173
139,3/9/20,Spain,13,49.625,1073,400
140,3/10/20,Spain,16,46.875,1695,622
141,3/11/20,Spain,18,57.25,2277,582
142,3/12/20,Spain,20,49.25,2277,0
143,3/13/20,Spain,17,58.5,5232,2955
144,3/14/20,Spain,17,57.5,6391,1159
145,3/15/20,Spain,16,57.125,7798,1407
146,3/16/20,Spain,5,79,9942,2144
147,3/17/20,Spain,11,74,11748,1806
148,3/18/20,Spain,15,59.5,13910,2162
149,3/19/20,Spain,14,55,17963,4053
150,3/20/20,Spain,12,67.125,20410,2447
151,3/21/20,Spain,8,75.375,25374,4964
152,3/22/20,Spain,9,73.875,28768,3394
153,3/23/20,Spain,11,70.75,35136,6368
154,3/24/20,Spain,12,64.5,39885,4749
155,3/25/20,Spain,11,56.25,49515,9630
156,3/26/20,Spain,15,31.625,57786,8271
157,3/27/20,Spain,8,56,65719,7933
158,3/28/20,Spain,11,56,73235,7516
159,3/29/20,Spain,15,42.5,80110,6875
160,3/30/20,Spain,7,62.75,87956,7846
161,3/31/20,Spain,6,87.625,95923,7967
162,4/1/20,Spain,11,70.625,104118,8195
163,4/2/20,Spain,12,58.125,112065,7947
164,4/3/20,Spain,15,51.75,119199,7134
165,4/4/20,Spain,14,51.625,126168,6969
166,4/5/20,Spain,13,67.25,131646,5478
167,4/6/20,Spain,16,74.875,136675,5029
168,4/7/20,Spain,16,73.75,141942,5267
169,4/8/20,Spain,17,64.5,148220,6278
170,4/9/20,Spain,15,62.875,153222,5002
171,4/10/20,Spain,13,88.125,158273,5051
172,4/11/20,Spain,15,71.625,163027,4754
173,4/12/20,Spain,15,49.75,166831,3804
174,4/13/20,Spain,15,66.875,170099,3268
175,4/14/20,Spain,15,66.75,172541,2442
176,4/15/20,Spain,13,76.5,177644,5103
177,4/16/20,Spain,15,74.5,184948,7304
178,4/17/20,Spain,15,71.875,190839,5891
179,4/18/20,Spain,17,61.25,191726,887
180,4/19/20,Spain,17,61.75,198674,6948
181,4/20/20,Spain,15,61.5,200210,1536
182,4/21/20,Spain,12,67.125,204178,3968
183,4/22/20,Spain,16,53.5,208389,4211
184,1/22/20,Italy,12,65,0,0
185,1/23/20,Italy,13,66.625,0,0
186,1/24/20,Italy,12,70.25,0,0
187,1/25/20,Italy,13,78.25,0,0
188,1/26/20,Italy,11,79.375,0,0
189,1/27/20,Italy,12,75.25,0,0
190,1/28/20,Italy,11,81.875,0,0
191,1/29/20,Italy,13,74.875,0,0
192,1/30/20,Italy,12,70,0,0
193,1/31/20,Italy,12,74,2,2
194,2/1/20,Italy,13,81.875,2,0
195,2/2/20,Italy,14,82.75,2,0
196,2/3/20,Italy,15,79.875,2,0
197,2/4/20,Italy,14,68.5,2,0
198,2/5/20,Italy,10,34.625,2,0
199,2/6/20,Italy,9,33.375,2,0
200,2/7/20,Italy,11,40,3,1
201,2/8/20,Italy,11,47,3,0
202,2/9/20,Italy,11,63.25,3,0
203,2/10/20,Italy,12,79.625,3,0
204,2/11/20,Italy,15,78.875,3,0
205,2/12/20,Italy,14,64.25,3,0
206,2/13/20,Italy,12,68.375,3,0
207,2/14/20,Italy,14,61.625,3,0
208,2/15/20,Italy,15,50.25,3,0
209,2/16/20,Italy,15,60.75,3,0
210,2/17/20,Italy,13,60.5,3,0
211,2/18/20,Italy,12,73.75,3,0
212,2/19/20,Italy,12,77.25,3,0
213,2/20/20,Italy,13,65.25,3,0
214,2/21/20,Italy,14,57.25,20,17
215,2/22/20,Italy,13,63.625,62,42
216,2/23/20,Italy,14,71.875,155,93
217,2/24/20,Italy,15,74.75,229,74
218,2/25/20,Italy,14,73.875,322,93
219,2/26/20,Italy,14,60,453,131
220,2/27/20,Italy,10,43.125,655,202
221,2/28/20,Italy,15,53.375,888,233
222,2/29/20,Italy,12,56.375,1128,240
223,3/1/20,Italy,14,75.5,1694,566
224,3/2/20,Italy,14,79.375,2036,342
225,3/3/20,Italy,12,61.125,2502,466
226,3/4/20,Italy,12,62.625,3089,587
227,3/5/20,Italy,11,61.75,3858,769
228,3/6/20,Italy,13,68.875,4636,778
229,3/7/20,Italy,13,67.625,5883,1247
230,3/8/20,Italy,13,54.5,7375,1492
231,3/9/20,Italy,11,56.5,9172,1797
232,3/10/20,Italy,13,57.125,10149,977
233,3/11/20,Italy,15,60.875,12462,2313
234,3/12/20,Italy,17,66.5,12462,0
235,3/13/20,Italy,15,73.5,17660,5198
236,3/14/20,Italy,15,76.625,21157,3497
237,3/15/20,Italy,14,70.75,24747,3590
238,3/16/20,Italy,15,55.75,27980,3233
239,3/17/20,Italy,16,56.125,31506,3526
240,3/18/20,Italy,16,61,35713,4207
241,3/19/20,Italy,18,57.5,41035,5322
242,3/20/20,Italy,16,55.5,47021,5986
243,3/21/20,Italy,16,53.875,53578,6557
244,3/22/20,Italy,16,61,59138,5560
245,3/23/20,Italy,13,52.125,63927,4789
246,3/24/20,Italy,8,35.375,69176,5249
247,3/25/20,Italy,10,40.625,74386,5210
248,3/26/20,Italy,9,72.25,80589,6203
249,3/27/20,Italy,13,70.25,86498,5909
250,3/28/20,Italy,14,72.625,92472,5974
251,3/29/20,Italy,14,72.25,97689,5217
252,3/30/20,Italy,15,70.5,101739,4050
253,3/31/20,Italy,15,66.125,105792,4053
254,4/1/20,Italy,10,44.625,110574,4782
255,4/2/20,Italy,11,53.375,115242,4668
256,4/3/20,Italy,14,57.125,119827,4585
257,4/4/20,Italy,16,45.875,124632,4805
258,4/5/20,Italy,15,47.375,128948,4316
259,4/6/20,Italy,17,47,132547,3599
260,4/7/20,Italy,17,50.875,135586,3039
261,4/8/20,Italy,18,50.375,139422,3836
262,4/9/20,Italy,18,55.25,143626,4204
263,4/10/20,Italy,19,51,147577,3951
264,4/11/20,Italy,20,51.125,152271,4694
265,4/12/20,Italy,20,52.25,156363,4092
266,4/13/20,Italy,19,51.75,159516,3153
267,4/14/20,Italy,15,62.375,162488,2972
268,4/15/20,Italy,16,55.25,165155,2667
269,4/16/20,Italy,16,60.375,168941,3786
270,4/17/20,Italy,18,65,172434,3493
271,4/18/20,Italy,19,72.75,175925,3491
272,4/19/20,Italy,20,65.5,178972,3047
273,4/20/20,Italy,16,85.625,181228,2256
274,4/21/20,Italy,19,74.125,183957,2729
275,4/22/20,Italy,16,79.75,187327,3370
276,1/22/20,France,5,68.125,0,0
277,1/23/20,France,5,65.625,0,0
278,1/24/20,France,5,61.875,2,2
279,1/25/20,France,5,88.125,3,1
280,1/26/20,France,7,86.75,3,0
281,1/27/20,France,9,83.25,3,0
282,1/28/20,France,7,66.5,4,1
283,1/29/20,France,7,73.25,5,1
284,1/30/20,France,8,90.25,5,0
285,1/31/20,France,12,86.75,5,0
286,2/1/20,France,13,79.375,6,1
287,2/2/20,France,14,83.25,6,0
288,2/3/20,France,13,78.625,6,0
289,2/4/20,France,8,64,6,0
290,2/5/20,France,7,73.875,6,0
291,2/6/20,France,7,66.625,6,0
292,2/7/20,France,8,67.5,6,0
293,2/8/20,France,9,82,11,5
294,2/9/20,France,10,78.625,11,0
295,2/10/20,France,10,60.125,11,0
296,2/11/20,France,8,59.875,11,0
297,2/12/20,France,7,66.625,11,0
298,2/13/20,France,9,70.875,11,0
299,2/14/20,France,9,78.75,11,0
300,2/15/20,France,10,78.375,12,1
301,2/16/20,France,14,63.625,12,0
302,2/17/20,France,10,62,12,0
303,2/18/20,France,8,63.375,12,0
304,2/19/20,France,8,69.25,12,0
305,2/20/20,France,9,71.125,12,0
306,2/21/20,France,7,64.875,12,0
307,2/22/20,France,9,74.25,12,0
308,2/23/20,France,13,82.375,12,0
309,2/24/20,France,12,79.5,12,0
310,2/25/20,France,9,70.25,14,2
311,2/26/20,France,5,64.125,18,4
312,2/27/20,France,7,74,38,20
313,2/28/20,France,5,77.875,57,19
314,2/29/20,France,10,71.625,100,43
315,3/1/20,France,7,75.125,130,30
316,3/2/20,France,7,78.375,191,61
317,3/3/20,France,6,69.625,204,13
318,3/4/20,France,6,77.875,285,81
319,3/5/20,France,9,87.625,377,92
320,3/6/20,France,8,70.125,653,276
321,3/7/20,France,8,72.625,949,296
322,3/8/20,France,9,79.625,1126,177
323,3/9/20,France,9,67.5,1209,83
324,3/10/20,France,13,83.5,1784,575
325,3/11/20,France,15,73.625,2281,497
326,3/12/20,France,11,63.625,2281,0
327,3/13/20,France,9,60.375,3661,1380
328,3/14/20,France,9,73.625,4469,808
329,3/15/20,France,11,73.375,4499,30
330,3/16/20,France,10,80.375,6633,2134
331,3/17/20,France,12,75,7652,1019
332,3/18/20,France,14,71.25,9043,1391
333,3/19/20,France,16,64.75,10871,1828
334,3/20/20,France,15,66,12612,1741
335,3/21/20,France,9,73.5,14282,1670
336,3/22/20,France,8,57.125,16018,1736
337,3/23/20,France,7,41.875,19856,3838
338,3/24/20,France,9,39.125,22304,2448
339,3/25/20,France,8,42.5,25233,2929
340,3/26/20,France,7,44.625,29155,3922
341,3/27/20,France,9,58.75,32964,3809
342,3/28/20,France,13,65.125,37575,4611
343,3/29/20,France,7,53.625,40174,2599
344,3/30/20,France,5,43.625,44550,4376
345,3/31/20,France,8,64.25,52128,7578
346,4/1/20,France,11,48.375,56989,4861
347,4/2/20,France,8,57,59105,2116
348,4/3/20,France,11,67.25,64338,5233
349,4/4/20,France,12,60.875,68605,4267
350,4/5/20,France,16,58.625,70478,1873
351,4/6/20,France,12,66.5,74390,3912
352,4/7/20,France,16,74.5,78167,3777
353,4/8/20,France,20,58.625,82048,3881
354,4/9/20,France,22,54.125,86334,4286
355,4/10/20,France,21,48.5,90676,4342
356,4/11/20,France,21,50.375,93790,3114
357,4/12/20,France,21,46.125,120633,26843
358,4/13/20,France,15,60.625,124298,3665
359,4/14/20,France,9,51.875,129257,4959
360,4/15/20,France,13,52.625,132473,3216
361,4/16/20,France,18,62.25,144944,12471
362,4/17/20,France,20,63.875,146923,1979
364,4/19/20,France,17,66.25,151808,4885
365,4/20/20,France,16,62,154188,2380
366,4/21/20,France,16,52.25,156921,2733
368,1/22/20,Germany,5,86.25,0,0
369,1/23/20,Germany,2,92.625,0,0
370,1/24/20,Germany,3,81.125,0,0
371,1/25/20,Germany,2,75,0,0
372,1/26/20,Germany,3,70.875,0,0
373,1/27/20,Germany,5,87.25,1,1
374,1/28/20,Germany,7,75.75,4,3
375,1/29/20,Germany,4,77.125,4,0
376,1/30/20,Germany,6,80.5,4,0
377,1/31/20,Germany,9,79.75,5,1
378,2/1/20,Germany,10,85,8,3
379,2/2/20,Germany,8,77.875,10,2
380,2/3/20,Germany,8,83.75,12,2
381,2/4/20,Germany,6,75.75,12,0
382,2/5/20,Germany,4,73.375,12,0
383,2/6/20,Germany,4,82.5,12,0
384,2/7/20,Germany,6,84,13,1
385,2/8/20,Germany,5,77,13,0
386,2/9/20,Germany,9,70.25,14,1
387,2/10/20,Germany,8,65.75,14,0
388,2/11/20,Germany,5,67.875,16,2
389,2/12/20,Germany,4,63.125,16,0
390,2/13/20,Germany,4,74.5,16,0
391,2/14/20,Germany,5,89.25,16,0
392,2/15/20,Germany,6,81.5,16,0
393,2/16/20,Germany,11,64.75,16,0
394,2/17/20,Germany,10,63.125,16,0
395,2/18/20,Germany,7,70.125,16,0
396,2/19/20,Germany,6,74.375,16,0
397,2/20/20,Germany,5,79.625,16,0
398,2/21/20,Germany,6,72.625,16,0
399,2/22/20,Germany,9,63.75,16,0
400,2/23/20,Germany,7,79.25,16,0
401,2/24/20,Germany,6,77.25,16,0
402,2/25/20,Germany,8,71.5,17,1
403,2/26/20,Germany,4,77.25,27,10
404,2/27/20,Germany,4,77.5,46,19
405,2/28/20,Germany,5,74.125,48,2
406,2/29/20,Germany,8,78.75,79,31
407,3/1/20,Germany,8,68.875,130,51
408,3/2/20,Germany,7,79.5,159,29
409,3/3/20,Germany,6,80.5,196,37
410,3/4/20,Germany,6,73.875,262,66
411,3/5/20,Germany,6,72.125,482,220
412,3/6/20,Germany,7,81.5,670,188
413,3/7/20,Germany,6,80.5,799,129
414,3/8/20,Germany,7,76.125,1040,241
415,3/9/20,Germany,9,78.75,1176,136
416,3/10/20,Germany,7,82.75,1457,281
417,3/11/20,Germany,10,71,1908,451
418,3/12/20,Germany,10,65,2078,170
419,3/13/20,Germany,6,70.375,3675,1597
420,3/14/20,Germany,7,54.625,4585,910
421,3/15/20,Germany,8,44.75,5795,1210
422,3/16/20,Germany,11,57.875,7272,1477
423,3/17/20,Germany,12,72.25,9257,1985
424,3/18/20,Germany,13,62,12327,3070
425,3/19/20,Germany,12,77.25,15320,2993
426,3/20/20,Germany,8,64.5,19848,4528
427,3/21/20,Germany,5,59.25,22213,2365
428,3/22/20,Germany,4,45.375,24873,2660
429,3/23/20,Germany,4,38.25,29056,4183
430,3/24/20,Germany,5,39.5,32986,3930
431,3/25/20,Germany,5,41.875,37323,4337
432,3/26/20,Germany,6,50.5,43938,6615
433,3/27/20,Germany,11,62.875,50871,6933
434,3/28/20,Germany,11,65,57695,6824
435,3/29/20,Germany,4,71.5,62095,4400
436,3/30/20,Germany,3,62.75,66885,4790
437,3/31/20,Germany,3,61,71808,4923
438,4/1/20,Germany,6,57.75,77872,6064
439,4/2/20,Germany,7,67.875,84794,6922
440,4/3/20,Germany,8,58.125,91159,6365
441,4/4/20,Germany,10,57.125,96092,4933
442,4/5/20,Germany,12,58,100123,4031
443,4/6/20,Germany,15,53.375,103374,3251
444,4/7/20,Germany,16,61.125,107663,4289
445,4/8/20,Germany,17,49.75,113296,5633
446,4/9/20,Germany,15,52.125,118181,4885
447,4/10/20,Germany,13,48,122171,3990
448,4/11/20,Germany,13,50.625,124908,2737
449,4/12/20,Germany,17,50.125,127854,2946
450,4/13/20,Germany,9,55.625,130072,2218
451,4/14/20,Germany,8,51.5,131359,1287
452,4/15/20,Germany,10,60,134753,3394
453,4/16/20,Germany,14,60,137698,2945
454,4/17/20,Germany,15,52.125,141397,3699
455,4/18/20,Germany,14,44.375,143342,1945
456,4/19/20,Germany,10,42.875,145184,1842
457,4/20/20,Germany,11,50.625,147065,1881
458,4/21/20,Germany,12,53.625,148291,1226
459,4/22/20,Germany,15,55.875,150648,2357
460,1/22/20,Turkey,-1,74.125,0,0
461,1/23/20,Turkey,0,70.875,0,0
462,1/24/20,Turkey,-2,70.5,0,0
463,1/25/20,Turkey,1,66.125,0,0
464,1/26/20,Turkey,2,62,0,0
465,1/27/20,Turkey,3,65.75,0,0
466,1/28/20,Turkey,3,86.25,0,0
467,1/29/20,Turkey,5,79,0,0
468,1/30/20,Turkey,4,90.375,0,0
469,1/31/20,Turkey,0,75.75,0,0
470,2/1/20,Turkey,3,79.25,0,0
471,2/2/20,Turkey,5,87.625,0,0
472,2/3/20,Turkey,7,79.25,0,0
473,2/4/20,Turkey,7,87.5,0,0
474,2/5/20,Turkey,10,73.75,0,0
475,2/6/20,Turkey,3,86.25,0,0
476,2/7/20,Turkey,1,75.5,0,0
477,2/8/20,Turkey,-4,56.75,0,0
478,2/9/20,Turkey,-5,73.375,0,0
479,2/10/20,Turkey,-3,74.375,0,0
480,2/11/20,Turkey,0,73.25,0,0
481,2/12/20,Turkey,3,89,0,0
482,2/13/20,Turkey,3,76.75,0,0
483,2/14/20,Turkey,3,63.125,0,0
484,2/15/20,Turkey,5,60.625,0,0
485,2/16/20,Turkey,5,74.375,0,0
486,2/17/20,Turkey,6,63.25,0,0
487,2/18/20,Turkey,7,53.375,0,0
488,2/19/20,Turkey,7,60.375,0,0
489,2/20/20,Turkey,7,62.875,0,0
490,2/21/20,Turkey,4,92.625,0,0
491,2/22/20,Turkey,3,90.875,0,0
492,2/23/20,Turkey,6,74.125,0,0
493,2/24/20,Turkey,8,72.75,0,0
494,2/25/20,Turkey,6,56.875,0,0
495,2/26/20,Turkey,11,46.75,0,0
496,2/27/20,Turkey,10,59.5,0,0
497,2/28/20,Turkey,8,72.5,0,0
498,2/29/20,Turkey,8,74,0,0
499,3/1/20,Turkey,7,64.875,0,0
500,3/2/20,Turkey,10,58.25,0,0
501,3/3/20,Turkey,14,51.25,0,0
502,3/4/20,Turkey,15,47.25,0,0
503,3/5/20,Turkey,13,47.5,0,0
504,3/6/20,Turkey,10,67.875,0,0
505,3/7/20,Turkey,14,55,0,0
506,3/8/20,Turkey,17,46.125,0,0
507,3/9/20,Turkey,17,45.625,0,0
508,3/10/20,Turkey,12,56.25,0,0
509,3/11/20,Turkey,12,62.25,1,1
510,3/12/20,Turkey,15,50.5,1,0
511,3/13/20,Turkey,15,63.75,5,4
512,3/14/20,Turkey,17,60.875,5,0
513,3/15/20,Turkey,16,51.25,6,1
514,3/16/20,Turkey,4,68.75,18,12
515,3/17/20,Turkey,3,48.125,47,29
516,3/18/20,Turkey,2,52.5,98,51
517,3/19/20,Turkey,2,85.125,192,94
518,3/20/20,Turkey,4,73.875,359,167
519,3/21/20,Turkey,8,66.5,670,311
520,3/22/20,Turkey,12,55.375,1236,566
521,3/23/20,Turkey,14,48.25,1529,293
522,3/24/20,Turkey,13,58.875,1872,343
523,3/25/20,Turkey,13,65.375,2433,561
524,3/26/20,Turkey,13,61.625,3629,1196
525,3/27/20,Turkey,14,62.25,5698,2069
526,3/28/20,Turkey,10,83.5,7402,1704
527,3/29/20,Turkey,6,87.75,9217,1815
528,3/30/20,Turkey,9,75.25,10827,1610
529,3/31/20,Turkey,13,59.125,13531,2704
530,4/1/20,Turkey,12,65,15679,2148
531,4/2/20,Turkey,12,67.125,18135,2456
532,4/3/20,Turkey,9,66.625,20921,2786
533,4/4/20,Turkey,12,63.375,23934,3013
534,4/5/20,Turkey,13,70.25,27069,3135
535,4/6/20,Turkey,12,72.75,30217,3148
536,4/7/20,Turkey,11,46.875,34109,3892
537,4/8/20,Turkey,12,47.125,38226,4117
538,4/9/20,Turkey,13,53,42282,4056
539,4/10/20,Turkey,14,52.375,47029,4747
540,4/11/20,Turkey,14,47,52167,5138
541,4/12/20,Turkey,14,45,56956,4789
542,4/13/20,Turkey,15,39.875,61049,4093
543,4/14/20,Turkey,17,40.625,65111,4062
544,4/15/20,Turkey,17,48.375,69392,4281
545,4/16/20,Turkey,12,63.125,74193,4801
546,4/17/20,Turkey,17,53.75,78546,4353
547,4/18/20,Turkey,19,45,82329,3783
548,4/19/20,Turkey,19,40.25,86306,3977
549,4/20/20,Turkey,20,40.25,90980,4674
550,4/21/20,Turkey,12,78.125,95591,4611
551,4/22/20,Turkey,11,81.125,98674,3083
552,1/22/20,United Kingdom,6,93.125,0,0
553,1/23/20,United Kingdom,7,88.5,0,0
554,1/24/20,United Kingdom,7,84.5,0,0
555,1/25/20,United Kingdom,7,85.625,0,0
556,1/26/20,United Kingdom,8,89.125,0,0
557,1/27/20,United Kingdom,7,85.375,0,0
558,1/28/20,United Kingdom,5,63.25,0,0
559,1/29/20,United Kingdom,6,71.75,0,0
560,1/30/20,United Kingdom,9,91.875,0,0
561,1/31/20,United Kingdom,10,84,2,2
562,2/1/20,United Kingdom,10,71.5,2,0
563,2/2/20,United Kingdom,11,76.5,2,0
564,2/3/20,United Kingdom,9,67.875,2,0
565,2/4/20,United Kingdom,7,64.75,2,0
566,2/5/20,United Kingdom,7,69.25,2,0
567,2/6/20,United Kingdom,8,75.375,2,0
568,2/7/20,United Kingdom,7,77,3,1
569,2/8/20,United Kingdom,9,72.625,3,0
570,2/9/20,United Kingdom,13,72,3,0
571,2/10/20,United Kingdom,7,59.625,8,5
572,2/11/20,United Kingdom,6,49.5,8,0
573,2/12/20,United Kingdom,6,59.5,9,1
574,2/13/20,United Kingdom,8,79.125,9,0
575,2/14/20,United Kingdom,8,82.75,9,0
576,2/15/20,United Kingdom,11,82.125,9,0
577,2/16/20,United Kingdom,11,72,9,0
578,2/17/20,United Kingdom,8,59.125,9,0
579,2/18/20,United Kingdom,7,69.625,9,0
580,2/19/20,United Kingdom,5,73.5,9,0
581,2/20/20,United Kingdom,8,70.75,9,0
582,2/21/20,United Kingdom,8,68.5,9,0
583,2/22/20,United Kingdom,11,68.25,9,0
584,2/23/20,United Kingdom,12,68.375,9,0
585,2/24/20,United Kingdom,11,75.75,13,4
586,2/25/20,United Kingdom,7,61.5,13,0
587,2/26/20,United Kingdom,2,98.25,13,0
588,2/27/20,United Kingdom,3,87.25,15,2
589,2/28/20,United Kingdom,-5,74.125,20,5
590,2/29/20,United Kingdom,-6,76.625,23,3
591,3/1/20,United Kingdom,-7,78.375,36,13
592,3/2/20,United Kingdom,1,85.5,40,4
593,3/3/20,United Kingdom,7,91.625,51,11
594,3/4/20,United Kingdom,3,78.625,85,34
595,3/5/20,United Kingdom,2,75.625,115,30
596,3/6/20,United Kingdom,2,86.25,163,48
597,3/7/20,United Kingdom,-2,72,206,43
598,3/8/20,United Kingdom,3,69.5,273,67
599,3/9/20,United Kingdom,10,71.75,321,48
600,3/10/20,United Kingdom,10,87.25,382,61
601,3/11/20,United Kingdom,3,70.25,456,74
602,3/12/20,United Kingdom,5,75.375,456,0
603,3/13/20,United Kingdom,7,86.75,798,342
604,3/14/20,United Kingdom,4,62.5,1140,342
605,3/15/20,United Kingdom,0,57.25,1140,0
606,3/16/20,United Kingdom,1,47.625,1543,403
607,3/17/20,United Kingdom,4,86.75,1950,407
608,3/18/20,United Kingdom,5,64.875,2626,676
609,3/19/20,United Kingdom,2,94.875,2689,63
610,3/20/20,United Kingdom,12,92.5,3983,1294
611,3/21/20,United Kingdom,1,57.125,5018,1035
612,3/22/20,United Kingdom,0,39.875,5683,665
613,3/23/20,United Kingdom,1,60.5,6650,967
614,3/24/20,United Kingdom,2,92.5,8077,1427
615,3/25/20,United Kingdom,2,90.875,9529,1452
616,3/26/20,United Kingdom,5,88.75,11658,2129
617,3/27/20,United Kingdom,7,80,14543,2885
618,3/28/20,United Kingdom,8,75,17089,2546
619,3/29/20,United Kingdom,5,97.125,19522,2433
620,3/30/20,United Kingdom,4,96.875,22141,2619
621,3/31/20,United Kingdom,4,85.125,25150,3009
622,4/1/20,United Kingdom,5,81.125,29474,4324
623,4/2/20,United Kingdom,4,87.5,33718,4244
624,4/3/20,United Kingdom,7,94.875,38168,4450
625,4/4/20,United Kingdom,7,90.125,41903,3735
626,4/5/20,United Kingdom,11,83.5,47806,5903
627,4/6/20,United Kingdom,8,65.25,51608,3802
628,4/7/20,United Kingdom,10,55.75,55242,3634
629,4/8/20,United Kingdom,11,63.375,60733,5491
630,4/9/20,United Kingdom,6,87.125,65077,4344
631,4/10/20,United Kingdom,4,77.125,73758,8681
632,4/11/20,United Kingdom,4,67.5,78991,5233
633,4/12/20,United Kingdom,9,64.75,84279,5288
634,4/13/20,United Kingdom,12,95.125,88621,4342
635,4/14/20,United Kingdom,7,62.75,93873,5252
636,4/15/20,United Kingdom,4,53.5,98476,4603
637,4/16/20,United Kingdom,4,55.125,103093,4617
638,4/17/20,United Kingdom,5,49.375,108692,5599
639,4/18/20,United Kingdom,4,82.625,114217,5525
640,4/19/20,United Kingdom,9,77.25,120067,5850
641,4/20/20,United Kingdom,6,64.5,124743,4676
642,4/21/20,United Kingdom,7,75.375,129044,4301
643,4/22/20,United Kingdom,2,54.125,133495,4451
644,1/22/20,New York,2,50.875,0,0
645,1/23/20,New York,2,55.75,0,0
646,1/24/20,New York,6,50.75,0,0
647,1/25/20,New York,8,88,0,0
648,1/26/20,New York,5,67.875,0,0
649,1/27/20,New York,4,63.625,0,0
650,1/28/20,New York,3,58.875,0,0
651,1/29/20,New York,3,48.125,0,0
652,1/30/20,New York,1,41.125,0,0
653,1/31/20,New York,4,68.375,0,0
654,2/1/20,New York,5,85.25,0,0
655,2/2/20,New York,4,76.875,0,0
656,2/3/20,New York,8,73.375,0,0
657,2/4/20,New York,9,86,0,0
658,2/5/20,New York,5,62.875,0,0
659,2/6/20,New York,7,90.125,0,0
660,2/7/20,New York,9,77.5,0,0
661,2/8/20,New York,3,44.625,0,0
662,2/9/20,New York,5,57.5,0,0
663,2/10/20,New York,6,76.875,0,0
664,2/11/20,New York,7,96.5,0,0
665,2/12/20,New York,4,52.5,0,0
666,2/13/20,New York,9,85.125,0,0
667,2/14/20,New York,-2,45.25,0,0
668,2/15/20,New York,-2,38.125,0,0
669,2/16/20,New York,3,55.875,0,0
670,2/17/20,New York,5,56.375,0,0
671,2/18/20,New York,7,76.125,0,0
672,2/19/20,New York,5,53.75,0,0
673,2/20/20,New York,1,39.25,0,0
674,2/21/20,New York,0,32.875,0,0
675,2/22/20,New York,4,31.875,0,0
676,2/23/20,New York,8,43.125,0,0
677,2/24/20,New York,9,59.5,0,0
678,2/25/20,New York,7,83.25,0,0
679,2/26/20,New York,7,86.125,0,0
680,2/27/20,New York,5,60.375,0,0
681,2/28/20,New York,2,35.625,0,0
682,2/29/20,New York,0,36.75,0,0
683,3/1/20,New York,2,42.5,0,0
684,3/2/20,New York,9,54.125,1,1
685,3/3/20,New York,11,80.375,2,1
686,3/4/20,New York,9,53.25,11,9
687,3/5/20,New York,8,48,23,12
688,3/6/20,New York,7,62.5,31,8
689,3/7/20,New York,5,49.125,76,45
690,3/8/20,New York,8,37.875,106,30
691,3/9/20,New York,14,44.625,142,36
692,3/10/20,New York,14,63.375,150,8
693,3/11/20,New York,10,50.75,220,70
694,3/12/20,New York,8,61.375,327,107
695,3/13/20,New York,15,72.375,421,94
696,3/14/20,New York,9,41.625,613,192
697,3/15/20,New York,9,47.5,615,2
698,3/16/20,New York,5,44.625,967,352
699,3/17/20,New York,9,78.875,1578,611
700,3/18/20,New York,8,53.625,3038,1460
701,3/19/20,New York,8,85.125,5704,2666
702,3/20/20,New York,16,83.375,8403,2699
703,3/21/20,New York,8,41,11727,3324
704,3/22/20,New York,4,40.875,15800,4073
705,3/23/20,New York,5,77.75,20884,5084
706,3/24/20,New York,8,65.5,25681,4797
707,3/25/20,New York,7,68.875,30841,5160
708,3/26/20,New York,10,59.625,37877,7036
709,3/27/20,New York,15,55.75,44876,6999
710,3/28/20,New York,10,64.75,52410,7534
711,3/29/20,New York,11,88.5,59648,7238
712,3/30/20,New York,12,72.25,66663,7015
713,3/31/20,New York,7,68.625,75833,9170
714,4/1/20,New York,8,56,83948,8115
715,4/2/20,New York,9,52.625,92506,8558
716,4/3/20,New York,10,68.375,102987,10481
717,4/4/20,New York,12,65.375,113833,10846
718,4/5/20,New York,11,72.5,123160,9327
719,4/6/20,New York,15,46.375,131815,8655
720,4/7/20,New York,15,40.125,139875,8060
721,4/8/20,New York,16,69.75,151061,11186
722,4/9/20,New York,13,62.875,161779,10718
723,4/10/20,New York,8,44.375,172348,10569
724,4/11/20,New York,9,39.625,181026,8678
725,4/12/20,New York,14,49.5,189033,8007
726,4/13/20,New York,17,77,195749,6716
727,4/14/20,New York,11,45.5,203020,7271
728,4/15/20,New York,9,37.5,214454,11434
729,4/16/20,New York,7,35.125,223691,9237
730,4/17/20,New York,8,42.125,230597,6906
731,4/18/20,New York,8,74.375,237474,6877
732,4/19/20,New York,12,47.375,243382,5908
733,4/20/20,New York,11,48.375,248416,5034
734,4/21/20,New York,13,55.625,253519,5103
735,4/22/20,New York,7,32.375,258222,4703